{"best_val_acc": 97.13000000000001, "epochs": 10, "lr": 0.07114763922024689, "hidden_dim": 256}