{"best_val_acc": 97.35000000000001, "epochs": 10, "lr": 0.09561309817766356, "hidden_dim": 256}